{
 "epoch": 2,
 "top1_bleu_1": 0.2777777777760631,
 "top1_bleu_2": 0.1683587574242762,
 "top1_bleu_3": 0.10881353371799211,
 "top1_bleu_4": 0.07581341048432527,
 "top1_rouge_l": 0.25623689935155053,
 "topk_bleu_1": 0.29012345678833257,
 "topk_bleu_2": 0.17770217591151025,
 "topk_bleu_3": 0.11875079707600036,
 "topk_bleu_4": 0.08094895530009871,
 "topk_rouge_l": 0.26169879185612005,
 "self_bleu_1": 0.6787072243333104,
 "self_bleu_2": 0.6462708288359036,
 "self_bleu_3": 0.6134604280496075,
 "self_bleu_4": 0.5817630822022115,
 "self_rouge_l": 0.6622031080565529,
 "entropy_1": 4.646412200007699,
 "entropy_2": 5.213715934528364,
 "entropy_3": 5.3430418812254965,
 "entropy_4": 5.387558471278029,
 "distinct_1": 0.2965779467680044,
 "distinct_2": 0.4781704781703788,
 "distinct_3": 0.5733944954127126,
 "distinct_4": 0.6496163682862789
}